<Variable Name="WorldViewProjMatrix" Semantic="WORLDVIEWPROJECTION" Shared="0"/>

<Variable Name="WorldMatrix" Semantic="WORLD" Shared="0"/>

<Variable Name="ViewMatrix" Semantic="VIEW" Shared="0"/>

<Variable Name="LightWorldViewProjMatrix" Semantic="WORLDVIEWPROJECTION" Shared="0">
    <Annotation Name="Object" Value="Light"/>
</Variable>

<Variable Name="LightDirection" Semantic="DIRECTION" Shared="0">
    <Annotation Name="Object" Value="Light"/>
</Variable>

<Variable Name="CameraPosition" Semantic="POSITION" Shared="0">
    <Annotation Name="Object" Value="Camera"/>
</Variable>

<Variable Name="MaterialDiffuse" Semantic="DIFFUSE" Shared="0">
    <Annotation Name="Object" Value="Geometry"/>
</Variable>

<Variable Name="MaterialAmbient" Semantic="AMBIENT" Shared="0">
    <Annotation Name="Object" Value="Geometry"/>
</Variable>

<Variable Name="MaterialEmmisive" Semantic="EMISSIVE" Shared="0">
    <Annotation Name="Object" Value="Geometry"/>
</Variable>

<Variable Name="MaterialSpecular" Semantic="SPECULAR" Shared="0">
    <Annotation Name="Object" Value="Geometry"/>
</Variable>

<Variable Name="SpecularPower" Semantic="SPECULARPOWER" Shared="0">
    <Annotation Name="Object" Value="Geometry"/>
</Variable>

<Variable Name="MaterialToon" Semantic="TOONCOLOR" Shared="0"/>

<Variable Name="LightDiffuse" Semantic="DIFFUSE" Shared="0">
    <Annotation Name="Object" Value="Light"/>
</Variable>

<Variable Name="LightAmbient" Semantic="AMBIENT" Shared="0">
    <Annotation Name="Object" Value="Light"/>
</Variable>

<Variable Name="LightSpecular" Semantic="SPECULAR" Shared="0">
    <Annotation Name="Object" Value="Light"/>
</Variable>

<Variable Name="parthf" Semantic="" Shared="0"/>

<Variable Name="transp" Semantic="" Shared="0"/>

<Variable Name="spadd" Semantic="" Shared="0"/>

<Variable Name="ObjectTexture" Semantic="MATERIALTEXTURE" Shared="0"/>

<Variable Name="ObjTexSampler" Semantic="" Shared="0"/>

<Variable Name="ObjectSphereMap" Semantic="MATERIALSPHEREMAP" Shared="0"/>

<Variable Name="ObjSphareSampler" Semantic="" Shared="0"/>

<Variable Name="MMDSamp0" Semantic="" Shared="0"/>

<Variable Name="MMDSamp1" Semantic="" Shared="0"/>

<Variable Name="MMDSamp2" Semantic="" Shared="0"/>

<Variable Name="DefSampler" Semantic="" Shared="0"/>

<Technique Name="EdgeTec">
    <Annotation Name="MMDPass" Value="edge"/>
    <Pass Name="DrawEdge">
        <RenderState Name="ALPHABLENDENABLE" Value="FALSE"/>
        <RenderState Name="ALPHATESTENABLE" Value="FALSE"/>
        <VertexShader FunctionName="ColorRender_VS" ArgmentList=""/>
        <PixelShader FunctionName="ColorRender_PS" ArgmentList=""/>
    </Pass>
</Technique>

<Technique Name="ShadowTec">
    <Annotation Name="MMDPass" Value="shadow"/>
    <Pass Name="DrawShadow">
        <VertexShader FunctionName="Shadow_VS" ArgmentList=""/>
        <PixelShader FunctionName="Shadow_PS" ArgmentList=""/>
    </Pass>
</Technique>

<Technique Name="MainTec0">
    <Annotation Name="MMDPass" Value="object"/>
    <Pass Name="DrawObject">
        <VertexShader FunctionName="Basic_VS" ArgmentList="false,false,false"/>
        <PixelShader FunctionName="Basic_PS" ArgmentList="false,false,false"/>
    </Pass>
</Technique>

<Technique Name="MainTec1">
    <Annotation Name="MMDPass" Value="object"/>
    <Pass Name="DrawObject">
        <VertexShader FunctionName="Basic_VS" ArgmentList="false,false,false"/>
        <PixelShader FunctionName="Basic_PS" ArgmentList="false,false,false"/>
    </Pass>
</Technique>

<Technique Name="MainTec2">
    <Annotation Name="MMDPass" Value="object"/>
    <Pass Name="DrawObject">
        <VertexShader FunctionName="Basic_VS" ArgmentList="false,false,false"/>
        <PixelShader FunctionName="Basic_PS" ArgmentList="false,false,false"/>
    </Pass>
</Technique>

<Technique Name="MainTec3">
    <Annotation Name="MMDPass" Value="object"/>
    <Pass Name="DrawObject">
        <VertexShader FunctionName="Basic_VS" ArgmentList="false,false,false"/>
        <PixelShader FunctionName="Basic_PS" ArgmentList="false,false,false"/>
    </Pass>
</Technique>

<Technique Name="MainTec4">
    <Annotation Name="MMDPass" Value="object"/>
    <Pass Name="DrawObject">
        <VertexShader FunctionName="Basic_VS" ArgmentList="false,false,false"/>
        <PixelShader FunctionName="Basic_PS" ArgmentList="false,false,false"/>
    </Pass>
</Technique>

<Technique Name="MainTec5">
    <Annotation Name="MMDPass" Value="object"/>
    <Pass Name="DrawObject">
        <VertexShader FunctionName="Basic_VS" ArgmentList="false,false,false"/>
        <PixelShader FunctionName="Basic_PS" ArgmentList="false,false,false"/>
    </Pass>
</Technique>

<Technique Name="MainTec6">
    <Annotation Name="MMDPass" Value="object"/>
    <Pass Name="DrawObject">
        <VertexShader FunctionName="Basic_VS" ArgmentList="false,false,false"/>
        <PixelShader FunctionName="Basic_PS" ArgmentList="false,false,false"/>
    </Pass>
</Technique>

<Technique Name="MainTec7">
    <Annotation Name="MMDPass" Value="object"/>
    <Pass Name="DrawObject">
        <VertexShader FunctionName="Basic_VS" ArgmentList="false,false,false"/>
        <PixelShader FunctionName="Basic_PS" ArgmentList="false,false,false"/>
    </Pass>
</Technique>

<Technique Name="ZplotTec">
    <Annotation Name="MMDPass" Value="zplot"/>
    <Pass Name="ZValuePlot">
        <RenderState Name="ALPHABLENDENABLE" Value="FALSE"/>
        <VertexShader FunctionName="ZValuePlot_VS" ArgmentList=""/>
        <PixelShader FunctionName="ZValuePlot_PS" ArgmentList=""/>
    </Pass>
</Technique>

<Technique Name="MainTecBS0">
    <Annotation Name="MMDPass" Value="object_ss"/>
    <Pass Name="DrawObject">
        <VertexShader FunctionName="Basic_VS" ArgmentList="false,false,false"/>
        <PixelShader FunctionName="Basic_PS" ArgmentList="false,false,false"/>
    </Pass>
</Technique>

<Technique Name="MainTecBS1">
    <Annotation Name="MMDPass" Value="object_ss"/>
    <Pass Name="DrawObject">
        <VertexShader FunctionName="Basic_VS" ArgmentList="false,false,false"/>
        <PixelShader FunctionName="Basic_PS" ArgmentList="false,false,false"/>
    </Pass>
</Technique>

<Technique Name="MainTecBS2">
    <Annotation Name="MMDPass" Value="object_ss"/>
    <Pass Name="DrawObject">
        <VertexShader FunctionName="Basic_VS" ArgmentList="false,false,false"/>
        <PixelShader FunctionName="Basic_PS" ArgmentList="false,false,false"/>
    </Pass>
</Technique>

<Technique Name="MainTecBS3">
    <Annotation Name="MMDPass" Value="object_ss"/>
    <Pass Name="DrawObject">
        <VertexShader FunctionName="Basic_VS" ArgmentList="false,false,false"/>
        <PixelShader FunctionName="Basic_PS" ArgmentList="false,false,false"/>
    </Pass>
</Technique>

<Technique Name="MainTecBS4">
    <Annotation Name="MMDPass" Value="object_ss"/>
    <Pass Name="DrawObject">
        <VertexShader FunctionName="Basic_VS" ArgmentList="false,false,false"/>
        <PixelShader FunctionName="Basic_PS" ArgmentList="false,false,false"/>
    </Pass>
</Technique>

<Technique Name="MainTecBS5">
    <Annotation Name="MMDPass" Value="object_ss"/>
    <Pass Name="DrawObject">
        <VertexShader FunctionName="Basic_VS" ArgmentList="false,false,false"/>
        <PixelShader FunctionName="Basic_PS" ArgmentList="false,false,false"/>
    </Pass>
</Technique>

<Technique Name="MainTecBS6">
    <Annotation Name="MMDPass" Value="object_ss"/>
    <Pass Name="DrawObject">
        <VertexShader FunctionName="Basic_VS" ArgmentList="false,false,false"/>
        <PixelShader FunctionName="Basic_PS" ArgmentList="false,false,false"/>
    </Pass>
</Technique>

<Technique Name="MainTecBS7">
    <Annotation Name="MMDPass" Value="object_ss"/>
    <Pass Name="DrawObject">
        <VertexShader FunctionName="Basic_VS" ArgmentList="false,false,false"/>
        <PixelShader FunctionName="Basic_PS" ArgmentList="false,false,false"/>
    </Pass>
</Technique>
